{
  "Initial Capital": 100000,
  "Final Value": 98947.72649999999,
  "Total Return": -1052.2735000000102,
  "Total Return %": -1.0522735000000116,
  "Total Trades": 37,
  "Winning Trades": 16,
  "Losing Trades": 21,
  "Win Rate %": 43.24324324324324,
  "Total PnL": -177.89999999999998,
  "Average PnL": -4.808108108108107,
  "Average PnL %": 1.9347654605637226,
  "Best Trade": 100.69999999999999,
  "Worst Trade": -235.25,
  "Profit Factor": 0.8043549983503794,
  "Sharpe Ratio": 0.8083699168385673,
  "Max Drawdown": -363.85,
  "Max Drawdown %": -0.36385
}