{
  "Initial Capital": 100000,
  "Final Value": 143999.875,
  "Total Return": 43999.87500000001,
  "Total Return %": 43.999875,
  "Total Trades": 194,
  "Winning Trades": 80,
  "Losing Trades": 114,
  "Win Rate %": 41.23711340206185,
  "Total PnL": 43999.87500000001,
  "Average PnL": 226.80347938144334,
  "Average PnL %": 4.779582512856215,
  "Best Trade": 13481.25,
  "Worst Trade": -3831.5625000000005,
  "Profit Factor": 1.2221521683564796,
  "Sharpe Ratio": 1.7668051421171374,
  "Max Drawdown": -23958.1875,
  "Max Drawdown %": -23.9581875
}