{
  "Initial Capital": 100000,
  "Final Value": 99844.8,
  "Total Return": -155.2,
  "Total Return %": -0.1552,
  "Total Trades": 266,
  "Winning Trades": 142,
  "Losing Trades": 124,
  "Win Rate %": 53.383458646616546,
  "Total PnL": -155.2,
  "Average PnL": -0.5834586466165413,
  "Average PnL %": 2.37137328378069,
  "Best Trade": 99.65,
  "Worst Trade": -266.75,
  "Profit Factor": 0.9596537291704578,
  "Sharpe Ratio": 0.7830915635483879,
  "Max Drawdown": -622.55,
  "Max Drawdown %": -0.6225499999999999
}