{
  "Initial Capital": 100000,
  "Final Value": 100100.8,
  "Total Return": 100.79999999999994,
  "Total Return %": 0.10079999999999993,
  "Total Trades": 275,
  "Winning Trades": 120,
  "Losing Trades": 155,
  "Win Rate %": 43.63636363636363,
  "Total PnL": 100.79999999999994,
  "Average PnL": 0.36654545454545434,
  "Average PnL %": 2.46553305848541,
  "Best Trade": 266.75,
  "Worst Trade": -91.35,
  "Profit Factor": 1.0270880361173815,
  "Sharpe Ratio": 0.8517633456924558,
  "Max Drawdown": -474.45000000000005,
  "Max Drawdown %": -0.47445000000000004
}