{
  "Initial Capital": 100000,
  "Final Value": 101686.95,
  "Total Return": 1686.9499999999994,
  "Total Return %": 1.6869499999999993,
  "Total Trades": 312,
  "Winning Trades": 174,
  "Losing Trades": 138,
  "Win Rate %": 55.769230769230774,
  "Total PnL": 1686.9499999999994,
  "Average PnL": 5.406891025641023,
  "Average PnL %": 6.693304004995141,
  "Best Trade": 107.255,
  "Worst Trade": -68.6875,
  "Profit Factor": 1.6209270011870474,
  "Sharpe Ratio": 3.689843994114724,
  "Max Drawdown": -179.44249999999988,
  "Max Drawdown %": -0.1794424999999999
}