{
  "Initial Capital": 100000,
  "Final Value": 100903.135,
  "Total Return": 903.1350000000003,
  "Total Return %": 0.9031350000000004,
  "Total Trades": 275,
  "Winning Trades": 122,
  "Losing Trades": 153,
  "Win Rate %": 44.36363636363637,
  "Total PnL": 903.1350000000003,
  "Average PnL": 3.284127272727274,
  "Average PnL %": 6.409641597011945,
  "Best Trade": 263.985,
  "Worst Trade": -84.94999999999999,
  "Profit Factor": 1.2826094439402949,
  "Sharpe Ratio": 2.345528626078535,
  "Max Drawdown": -302.8375,
  "Max Drawdown %": -0.3028375
}