{
  "Initial Capital": 100000,
  "Final Value": 100542.75,
  "Total Return": 542.7499999999999,
  "Total Return %": 0.54275,
  "Total Trades": 374,
  "Winning Trades": 196,
  "Losing Trades": 177,
  "Win Rate %": 52.406417112299465,
  "Total PnL": 542.7499999999999,
  "Average PnL": 1.4512032085561495,
  "Average PnL %": -0.4318404290037283,
  "Best Trade": 132.8,
  "Worst Trade": -127.69999999999999,
  "Profit Factor": 1.1202330449807825,
  "Sharpe Ratio": -0.14846191695504896,
  "Max Drawdown": -604.95,
  "Max Drawdown %": -0.60495
}