{
  "Initial Capital": 100000,
  "Final Value": 141208.56250000003,
  "Total Return": 41208.56250000003,
  "Total Return %": 41.20856250000003,
  "Total Trades": 194,
  "Winning Trades": 53,
  "Losing Trades": 141,
  "Win Rate %": 27.31958762886598,
  "Total PnL": 41208.56250000003,
  "Average PnL": 212.41527061855686,
  "Average PnL %": 2.1689097543062887,
  "Best Trade": 21311.25,
  "Worst Trade": -3723.7500000000005,
  "Profit Factor": 1.333627828251778,
  "Sharpe Ratio": 1.1664341376362206,
  "Max Drawdown": -19337.624999999993,
  "Max Drawdown %": -19.337624999999992
}