{
  "Initial Capital": 100000,
  "Final Value": 100415.45,
  "Total Return": 415.45000000000005,
  "Total Return %": 0.41545000000000004,
  "Total Trades": 100,
  "Winning Trades": 60,
  "Losing Trades": 40,
  "Win Rate %": 60.0,
  "Total PnL": 415.45000000000005,
  "Average PnL": 4.1545000000000005,
  "Average PnL %": -4.339778264385153,
  "Best Trade": 87.4,
  "Worst Trade": -100.80000000000001,
  "Profit Factor": 1.4884486508729644,
  "Sharpe Ratio": -1.489644645153455,
  "Max Drawdown": -175.2000000000001,
  "Max Drawdown %": -0.1752000000000001
}