{
  "Initial Capital": 100000,
  "Final Value": 142492.56250000003,
  "Total Return": 42492.56250000004,
  "Total Return %": 42.492562500000034,
  "Total Trades": 194,
  "Winning Trades": 69,
  "Losing Trades": 125,
  "Win Rate %": 35.56701030927835,
  "Total PnL": 42492.56250000004,
  "Average PnL": 219.03382731958783,
  "Average PnL %": 2.3729954147964363,
  "Best Trade": 21311.25,
  "Worst Trade": -3723.7500000000005,
  "Profit Factor": 1.3878175455408868,
  "Sharpe Ratio": 1.346163478581943,
  "Max Drawdown": -17226.375,
  "Max Drawdown %": -17.226375
}