{
  "final_portfolio_value": 99135.95760000002,
  "total_trades": 25,
  "winning_trades": 11,
  "losing_trades": 14,
  "win_rate": 44.0,
  "total_pnl": -213.05,
  "average_pnl": -8.522,
  "average_pnl_pct": 3.983858647321542,
  "best_trade": 100.69999999999999,
  "worst_trade": -235.25
}