{
  "final_portfolio_value": 94674.36677500026,
  "total_trades": 275,
  "winning_trades": 122,
  "losing_trades": 153,
  "win_rate": 44.36363636363637,
  "total_pnl": 903.1350000000003,
  "average_pnl": 3.284127272727274,
  "average_pnl_pct": 6.409641597011945,
  "best_trade": 263.985,
  "worst_trade": -84.94999999999999
}