{
  "final_portfolio_value": 94592.82735000004,
  "total_trades": 266,
  "winning_trades": 142,
  "losing_trades": 124,
  "win_rate": 53.383458646616546,
  "total_pnl": -155.2,
  "average_pnl": -0.5834586466165413,
  "average_pnl_pct": 2.37137328378069,
  "best_trade": 99.65,
  "worst_trade": -266.75
}