{
  "final_portfolio_value": 95593.11572499982,
  "total_trades": 194,
  "winning_trades": 80,
  "losing_trades": 114,
  "win_rate": 41.23711340206185,
  "total_pnl": 43999.87500000001,
  "average_pnl": 226.80347938144334,
  "average_pnl_pct": 4.779582512856215,
  "best_trade": 13481.25,
  "worst_trade": -3831.5625000000005
}