{
  "final_portfolio_value": 93630.97620000031,
  "total_trades": 312,
  "winning_trades": 174,
  "losing_trades": 138,
  "win_rate": 55.769230769230774,
  "total_pnl": 1686.9499999999994,
  "average_pnl": 5.406891025641023,
  "average_pnl_pct": 6.693304004995141,
  "best_trade": 107.255,
  "worst_trade": -68.6875
}