{
  "final_portfolio_value": 94674.36677500026,
  "total_trades": 275,
  "winning_trades": 120,
  "losing_trades": 155,
  "win_rate": 43.63636363636363,
  "total_pnl": 100.79999999999994,
  "average_pnl": 0.36654545454545434,
  "average_pnl_pct": 2.46553305848541,
  "best_trade": 266.75,
  "worst_trade": -91.35
}