{
  "final_portfolio_value": 97494.47577499985,
  "total_trades": 100,
  "winning_trades": 60,
  "losing_trades": 40,
  "win_rate": 60.0,
  "total_pnl": 415.45000000000005,
  "average_pnl": 4.1545000000000005,
  "average_pnl_pct": -4.339778264385153,
  "best_trade": 87.4,
  "worst_trade": -100.80000000000001
}