{
  "final_portfolio_value": 95106.9200750001,
  "total_trades": 194,
  "winning_trades": 53,
  "losing_trades": 141,
  "win_rate": 27.31958762886598,
  "total_pnl": 41208.56250000003,
  "average_pnl": 212.41527061855686,
  "average_pnl_pct": 2.1689097543062887,
  "best_trade": 21311.25,
  "worst_trade": -3723.7500000000005
}