{
  "final_portfolio_value": 95002.62225000012,
  "total_trades": 194,
  "winning_trades": 69,
  "losing_trades": 125,
  "win_rate": 35.56701030927835,
  "total_pnl": 42492.56250000004,
  "average_pnl": 219.03382731958783,
  "average_pnl_pct": 2.3729954147964363,
  "best_trade": 21311.25,
  "worst_trade": -3723.7500000000005
}